address,utgd
tgrade17p9rzwnnfxcjp32un9ug7yhhzgtkhvl9jfksztgw5uh69wac2pgsmsjtzp,6543074899120
tgrade1l4ysaz7jpddpqrhywjqrst6d23rtsv3yzt69zt80fxrf4dy82s8sjwkswf,6106300000000
tgrade14hj2tavq8fpesdwxxcu44rty3hh90vhujrvcmstl4zr3txmfvw9s07fvfr,3436591966866
tgrade1wl59k23zngj34l7d42y9yltask7rjlnxgccawc7ltrknp6n52fps2p2ent,3320074777658
tgrade1eyfccmjm6732k7wp4p6gdjwhxjwsvje44j0hfx8nkgrm8fs7vqfsu3q593,670821112876
tgrade1nc5tatafv6eyq7llkr2gv50ff9e22mnf70qgjlv737ktmt4eswrqrtvwt9,48138080726
tgrade1yg8930mj8pk288lmkjex0qz85mj8wgtns5uzwyn2hs25pwdnw42sx2la07,5030835433
tgrade1l7f5pgw0m5p9twjuhe76jd3f64qje9qcjcmvya30j427hjmxyfaqgyygy5,2520993953
tgrade1m2dku58nfy49hd5ta6ds5rq9z9p02fdj0kkty3z9spgg7gunfguq8zvnk6,1539755697
tgrade1e3j47h79pkqv34jdujzu2062k5cczxm9lrg9auyp9zn4axgme67shlvwsr,1000000000
tgrade1kscg0vkvttc0us0c3gmxdx88jw0wc60pz8utrq5anhgs94czqxysm24r50,103987130
tgrade1cztumjw89xp9ueq5r44rs40pemsk6cfhg44k5rmr43fyak6sa70q7mxk9n,88000000
tgrade1n8zk28ycq7s5epdknwytvvpt8848954yfuz0vcf6l3yz73g4sd2spajnnw,51000000
tgrade15l02gdnwwzxfdq5yl38sru53rrpc7hyqkuewhkz4ffe384ectttqvauj9f,46000000
tgrade1ejm29m279e8x4ltf3ksqm443fsdql9rmtuyth6vssmxl72af5yzqzmkve5,7000000
tgrade1t7k3gwq9wp8e76nepy6z6ghpalxhk7uupe763lr2x8dfmd67xc6scxwayg,2100000
tgrade1qsnv96vv2s972lvq568pnu35pq2dzf839d2rn5wxnen76yejlefsz549sp,2000000
tgrade1hz2lvf367zjmlwe65lgskhuxjntyl08z7yutsunzc8wha4f66mvs4rvvyw,1500000
tgrade1fh0hm98gkd96rx3w92ea2wm45q85eu9g3hqvx2p968ppfqv392vsh2hsan,1000000
tgrade1rsma99n0fmkygy6qyazea4xat9sm3a3at7dwj2ehfwwzsemnzs0qu35ey7,1000000
tgrade1srg729l8nc63230zg4x36yjw3y8q6e4qraykwst07vwqvmar7tgq7he4zw,1000000
tgrade13ygd7q306f3wekerfgdde53n547yra7lk0wtslss7l4thlv7xsvsr4ncca,1000000
tgrade1tzv867e4qz06rue60k4v2pk5xevj9gn3r7274qv0nprl68kvykgs2fhmx3,1000000
tgrade1fqsqgjlurc7z2sntulfa0f9alk2ke5npyxrze9deq7lujas7m3ssjzkusp,1000000
tgrade15jzyzklz8rq9gy38p4kcall0nqr8exglqg5870gglaq4c976vlxs2f70jq,1000000
tgrade1gc5wcdn9ges00w0l2cfxd7r2puyflak5dmkg26rsh083afmnrjxqssx2j4,1000000
tgrade1840qczuzr3u9kg4jnag8y77qhq8uqe65de9uka02xv9fm0w7dhnstut467,1000000
tgrade1ywpctek72gsccmr8gjgaamzs8vhh7ju3sjtvwk82daafavw5u0esxt8akr,1000000
tgrade1hpgq5juh354nepq5wmwyddts3eex9t02rd4zrhqqv5nsrpht9r6s9j367u,1000000
tgrade122nk09a4y3fs7lv79ugmlh3yya37c0jx8yrex39s7d2fe0maxytsp003ka,1000000
tgrade1yrnh5d60cp5tctt8ngv626u7g3ejkmmecc92etjt2wue5ff9wxsqe8dgwh,1000000
tgrade10hexygerl67tgusc3wzjt3f79uhnya4jn9y2rsjlt7qtp4l5yyhq8d64sf,1000000
tgrade1zjd5lwhch4ndnmayqxurja4x5y5mavy9ktrk6fzsyzan4wcgawnqfshaze,1000000
tgrade1q85duf4uqqn97j2y52pep65mukux3edypm7ns2upfgnrg6pnsj0saf0vty,1000000
tgrade1phczxfyh2jmymd3qn0u0unlazytqnrtasp8cdy20j6w6y323q8fs9e4d5z,1000000
tgrade1uyprmp0lu8w8z8kwxp7mxanrtrgn4lp7j557pxe4v8sczzdzl7yswurcm0,1000000
tgrade1u28sjwa64s8m6yxgy63my9499macx7qycapppj6m97fhmx6mmsnqz4gp8e,1000000
tgrade1uvrpmyq7zrvg74s0n5qhldrmd0ehejusw5krty9h3xudljf9yupqkt0g0n,1000000
tgrade1uu7ggnkl4knssngtsqlnjtyy20xkln9343c7qrv6j2fj8luqr50qz4nug0,1000000
tgrade1axw5he6ktvz8rgacec3ldxmegy0urn0xevsysl7e0hx6dx90er6qz28889,1000000
tgrade1q5z7dszzpdxqx7yau2kvhl58mgyx4myssqvr76vnh9s5q9j94a4q5hvp4w,1000000
tgrade17tvqfx3m2q86mcpynfrcvl2cfe7spegv02n5t0eg5yxr80ut99xsn84fz4,1000000
tgrade1lndsj2gufd292c35crv97ug2ncdcn9ys4s8e94wlxyeft6mt3k2sqcchfa,1000000
tgrade1qsufk856fmakeycjq5swmtd53l4drqtu4xefdfuu9h4m5ce89rhsgs5wjd,1000000
tgrade1wz5thzner0u0d365z67mw403jjtj3469yv3qjdmm5d3uu8689vtsheewuy,1000000
tgrade1n39q40qspdc6wdhtt0jhsj4vu7s257ewu8xyt5,54957211945000
tgrade1a53udazy8ayufvy0s434pfwjcedzqv34av2m97,6380343818848
tgrade1xh8ldh76dn5dj27nwum26wdne67xyrrujekle4,4719100000000
tgrade12jnhpa3kemykq5mg8er27lmkj39yksgf6ntm97,3999259000000
tgrade16lphrwl87nkkqtk82fg75taql635v5vy26p2gd,2580899987206
tgrade14uayrfm8c8wun9zjszp2fvmxnw7ad9y5p9sw8a,1000000000000
tgrade1v5qsdtnp79dfn97d9e4wpp3fktg98xwcuy7gzu,952031051063
tgrade10zqv23lt9fyjhl95gs37vsdcteptt3q24xt39e,524129225011
tgrade1a227yjgpvlqxhtvsx2c90kqt3qu788x2mhyv05,434876936986
tgrade1w8mztnvl55pwmlkgkpaquax6q37n5d2spaadcn,434287546834
tgrade1q5q2fkxd92n8da8e4ja9mfcl9cesfg7e6l9rud,401945870608
tgrade1cv4leeaavx5lu5n7jgrdklt76rgx2xtd2hlrue,371062282034
tgrade1qe8uuf5x69c526h4nzxwv4ltftr73v7qt4v8ku,371005612853
tgrade1q3gxkm46daqw48fmnpqu8sdfcedqhnmzleaccr,370514362127
tgrade1utmv6xc90rcrxu6aj6nj4rgypxv6dlrj8ax3dp,355919724785
tgrade179skd62nvdvvt440l0krmlj40ewywv4rscgq8z,333592098897
tgrade10nq2ea7fms8g58fyaqlc2m3thq9kjx5wun6rk9,317924424385
tgrade1hthzvzngnnv6k4ezn2fvm7yhrmser8tesunkhm,309483389528
tgrade1hnesd8eqjtpu82t89jeqqs74vte440z4y33za6,292760159520
tgrade1t4c2uet05fhvdd49zzgg5yyqj3xtu6lee5kegx,292678000000
tgrade1jdc8qm80m3lvgajuvn36x2nmxfjauclxtyp7rg,285757815057
tgrade1azrgt5aneucrun989pta6jayexnl6lagfcz927,285713955000
tgrade16ycdyzj48pz4nvdprrxkxkq5ax76ksmg5ux6gj,285713850712
tgrade1x20lytyf6zkcrv5edpkfkn8sz578qg5s7azap8,285001957500
tgrade1wnpak7sfawsfv9c8vqe7naxfa4g99lv7k7z4l4,262772207223
tgrade1pevdc4yv6j4qkl9puej8vvujnejqc5u7dk7zfk,249494000000
tgrade12zyhxtfw9qmgr3w05t5ann8xdu8mkkrqns9mfm,231400000000
tgrade1pa9yplk8jvlefp8726cwp73yhyr2napcxvlpyq,190049994448
tgrade139kamx9ruldrljm48rq8f0jknk2rysvg3c02jd,186952000000
tgrade1c704ne2yzlews795ywu30qk65ckld8sr7a0756,184782000000
tgrade1waac73cpffx7suhpkvnn8w0a8s2cgzn6j4ksx2,168679364099
tgrade1tdvy8j7a87g7z6t8vtf37hsakld45p5t2ppvtr,164523942668
tgrade1rnnuk7rmjwj3ep97s5d0w5ek5che53ekt0e0vk,161650483131
tgrade158yzde8ank70k6gpq4v8jm8hgmtssl02qedr72,154342409061
tgrade1wlagucxdxvsmvj6330864x8q3vxz4x02d0ssjl,70238841602
tgrade1l5fl0x0mz0euezyyww846ufs4znlw9cyf2uqe2,136709311511
tgrade1ntqpu7senwffcg8q7zlltfzuzsx2mke4p25lf0,101710000000
tgrade1kqwgz0f326h7rsusmqg59equz54d6aujmyue9x,138485986445
tgrade1d547mdkjeple68mwl5cjlvu3ueuj80txh0p2uc,72029000000
tgrade12akkrls9uk3g25sq4ehf647ah24ca4je6am9re,99232000000
tgrade149vqwput4dkq9qxmxd6pssvdhls7gtyntv5jks,132140990000
tgrade182pxdtmc7uz6dxwqhvxqrrygyj3v08lvrrdt89,108366872969
tgrade1dg9hy5pz8mmrqktgepmqnzx78yjvhj5xhzy3se,130496000000
tgrade1ag4wrywgtn4rmzzry6rwf52xldzfvef5awmf85,134460994444
tgrade1pm6p6rzga74snyatmxnj98rawjhvpgldk20nhs,125069000000
tgrade1eu8cuyg6xgnkswgz0d62a3tq99spmhmtlcffqp,83167000000
tgrade1kpphkzpx0wl2qc0jafk6vf04n0tasndjwhsdmj,151334000000
tgrade1gkrk4ccj5hks7jermhl6t2l2dqtpdlkrm4jscn,66917995027
tgrade1w234ulwmmemdwd6lq9s8y5m86zqyuyf449yfgc,65609920000
tgrade1vf4m8xxlqwmmuvykgl2hz3c62z72aldfex2e8n,63234787655
tgrade1hvqqj7pgujpwjrshne596e0lxragng78whyh9a,62499990023
tgrade14fqtpynvp6vcn4hwu5k6fw3rtxzp5yd5lwzmxn,55514895869
tgrade1pd5v5cxftwvz73d7upc048ur40j4hjzpre3d6k,50845198049
tgrade1ptpjgy9pht6wfdxw8l6jdfmt008g0kfjfm834j,48000680976
tgrade1quw3zpwklv3l4ntpfj37c2tx4393ly03tnfc98,42354153720
tgrade1nfsgjue3jaq3338mqfwhukratt7luz7u43eh78,40125000000
tgrade1dxusu7uqxmc27nwdajtjexuy68wpcg5clqe6a4,40025000000
tgrade15qqhmu8utlghyld5c7mrr2scuf46zpls5jrp2r,40025000000
tgrade19sv8y27mmf86qau75vfgvw7ahrrvynwfe0aauf,40025000000
tgrade1ylrt7dqjz0vmr3h2e53q3h74jrjxfwf4ehk635,39924256000
tgrade1en5uxufmwav7e9tshugt7zytqpmqhjh909wg6h,39121634000
tgrade17lclxtnwyk64u9nuzfx0d3ljwzddrht0t965ll,36908027892
tgrade107sxlqhr3l7c6shxsqzkll4nc4pfsllvq6q0nz,36009270472
tgrade1w4y8fk7fz346nzqac2f2vjpwz5j47kg5umnrc9,35575000000
tgrade1a2fa2c4psh39n8mr62w403smnqxxcynxqgfuxs,34873874155
tgrade1yj87cjq0ent7jnrj9lfffjhht6602dhy0fzlru,34149581405
tgrade1y4v7dcwe5upna6vpgfggrfy23l07r9jdusek5j,30636350413
tgrade1mst628zrpwsce39usqcwdd8l7cuchhmkywf0ud,30000158381
tgrade15rts7apl6we096slnn6p2v56w3z0gyntxzjj96,28177353025
tgrade1xwhjsflsqhm54dsn96zvpjzrh7t2ym3d4g5rvt,28043808000
tgrade1dzmnc40xz64sewwt7sm55urx6qxnsn09ayv9f6,26767009131
tgrade1k7lanjkmkc0km8clcjurepyz93l02ha7cdldv0,25633119447
tgrade1ezz9vww05ylh6zmkmwnrfwslf3tkwmwdj30hs7,24275232821
tgrade1k8efqy9seesd0dcvr7207nmmlkfz944p97fypq,24205570891
tgrade1s0lankh33kprer2l22nank5rvsuh9ksa4nr6gl,22667584782
tgrade1lpecjwz5363cgg4mpmrum4draxx00npjmfju0r,20444232568
tgrade1wgkky0dpzufmqxc93lynymfk6uf68005hdh7x2,21391749298
tgrade1hpud8k82gx6fqxfztn0ygfeszk36peqg8uz9a0,20241966326
tgrade17vm08d6wxa4ervq5nendehcrg2wxjcjs9ss8yu,20181179985
tgrade1dlcy3jq3llsvt8ze7fmarezt2ddlvkkrp3qkja,20000926000
tgrade1rls4t6vsvyfj3tg9fut8vaxrmtaeeza8r73r24,19024436001
tgrade1232e5nyzn949qety0v9c0wrgufzyfx7f377y9s,16891107115
tgrade1ks70qccmq38yxe0ff49r8ywq2t54k5zktq33c4,16836216374
tgrade1ky7m39mszht0rveq9y0ramqnash6jp5kdnkrar,16237958955
tgrade179ugp4aaajkwanpedkhg772t3rmvc077fhuwjg,16202940000
tgrade1u6gux47kqfsxxyk74uu0fy9y8y2rxhl0mmqc0a,13124964624
tgrade12tdulmvjmsmpaqrpshz0emu0h9sqz5x50ysu2w,12041075552
tgrade1lh4q8xx2w8c8jg84ttspgzx8ukqqsm39hwpr8x,11684023511
tgrade1c03jkal0xplar2p7ndshxeqrh9kw4m6ur98ju7,10796578745
tgrade14jayw662dsn2u050lmhpysqu64dz02cvnxtsat,10600496167
tgrade1hyjhy0tp6geral2g9vj9nyteglf8t5q4zm4dp9,10328107015
tgrade1vxxfhd8txmrq76jx3gj7sdrvg0vvqretj96vc6,9999737964
tgrade1hyww3kehukejmpvd2tey5peaka0vvkgd6z0gxe,9998316550
tgrade1efp3hmnslju2pn8g2qukp5k5xs028rhppznk67,9810840791
tgrade102c8nrsw5wlezdkj9m6rvmx8rrlwf5n0t2yatd,9654900765
tgrade1fy2s7er0c6uxc8hmnqfgukvkf7xh22s4upgc7u,9304702452
tgrade1q598gmmltugefxxxp76z3re8sedw5gdxfe0wck,9029029395
tgrade1nrzvqv45e5tx02vg2zu8ylh8qa3s306pygau8a,8958652754
tgrade17vp5f8zatrkwg0vvu2lfvdrhpz3c6fxh4jk7t5,8250959638
tgrade1hcwcxnz5stwnrupf964lzc3txdzgctv5069nzw,7611455576
tgrade16nsxy6mwevx2lj8z8jfrphy0x4d9zpc807lwuf,7495027368
tgrade1m8wcqre29fvlu0rzl6697m5u540sge5g8gcner,7407921285
tgrade1vrq3kjq95kkh26vp3g6sfx84xzw654qa4kg2pe,6975194780
tgrade1dp7jlwnlhrmu2we0nnpt9j54ukryk23nga7ga2,6731816551
tgrade1g4gtaw3s6hhg352563sedrms2vummj5e6sjdt7,6250000000
tgrade1z46x9kfmp64qqk7rxun6ll9peqapmswp559zp7,6250000000
tgrade1ewn73qp0aqrtya38p0nv5c2xsshdea7aw2www6,5913487078
tgrade1dl34yx429w7q5e68tlc9w3ahgycqc7edzf88rv,5861723862
tgrade1gu2pa6q43gpjrq5um323alwusfxj47tcx4syqq,5267207196
tgrade1u3a6kuyhgtxsswzx2y283wctsgn5ns8wtxkxzh,5258023683
tgrade1387twcs2gwzh3pmrwjrycwzvxpycdtv4d5ejmt,5119211177
tgrade1v50a30vh394hz4px8839tzhh8wf8gf3p6whszz,4389364724
tgrade10f4hqk4svs0ry0twd0fc2swf2yqcpqn0kg47uu,4122540986
tgrade1ex67wfnj936t2zhxsc8h3egrpqu2ma3gx7vfwv,4001000000
tgrade1xjvhpmflhue38mc8j75gqj2h0fds9guxrzgf6s,4000790193
tgrade17jk2cuy43v35flg6xhkdsrnhagfjj5gw89ccpm,3750000000
tgrade1qy78shvx0wl6ljc4sm292trqhd2xelrvhnyu6a,3300748171
tgrade1p5pa72gy9tssrvae6jnphgpxdryvt4h7pu4nx2,3143143566
tgrade1sr0lw3rnl4u3zz7hxrek0pp26hjhapecg4962z,3114268068
tgrade1p7td7t0htw596asmh5tveadh2fdz3wmhncxtu0,2977100123
tgrade1d0jl8atv2q8a2g0tkh5jasrpxevc52qnpptn2y,2806006500
tgrade13uup3md785lsd74aws4hx2et052mferwygp29f,2641041459
tgrade15gn7crx5v3gnnm0c6sjz2gzjnph3a4t9wxgfpe,2526000000
tgrade1n37dv8y4x9adj7gj6aepmwxq59vs7v626ltaze,2499895000
tgrade16s9lqwxpx3v37pktkf0tly5gntj9fpnymgm2g0,2496620642
tgrade1f6s4550dzyu0yzp7q2acn47mp5u25k0xj6ma5n,2342512952
tgrade1shnh6jq6c9gt2uaynzee7eh47806lx9wqq5tme,2072386968
tgrade1z2w333ttrqhkvpu4x9v059l7q6k9avcdhc3edt,1952827755
tgrade1mul5sm0nasnga8r5c5zfd2h473ah2axdw2eeqt,1928680047
tgrade1qnqgdcq83kpaa9qvajqgxllheppk4p5qwjrx2t,1923894559
tgrade1ty3c2xfpusk2r4r5xua2x9wvf9mvqznkw2k83t,1900006500
tgrade1hsafk3cfrdcn2qjar7awz68qhmlj6tz2gjua7y,1886828343
tgrade1jjvfnekyy78n7xcvhfdqymtmsyg0yzt4fy586f,1629854856
tgrade1r5h46t8crr7ur99tg9x483n3t8es5gwpldpda7,1629854856
tgrade19x9aqt8kc7qjkt07uexs2sm3vv42ngxdfmkvh8,1498553500
tgrade1gkfm69ulp493c4srhet0gm8pgpzm7j7ucj0eu9,1428522393
tgrade1rgz26u608kuu5emafslavyleutnxslpfxtyy8q,1376574570
tgrade1wza5cgx5zahphu3gfd2rqpglhqfdjhj6qhng8j,1250000000
tgrade15xvnvwffhmy5wx8y7a9rchxe4zys9pa4yrd2sy,1205393985
tgrade16n5we9kd3ewdp8ll0fgk8h2qnjzwtwz9fz9s2e,1192929646
tgrade15zv0g0y4652z8vhj0kvx325rea7r2n677gmegz,1082405274
tgrade1ss3ushzu5a4e0085ljps8d9mwy28wqkevhgy46,1082222370
tgrade1enrp3862fqg8zt2emwfj70qdahhczxnstegkmq,1073570128
tgrade1ymwmsflgh8k9rzeh8n0a4ws9tnfzsm56srtdwu,1020398168
tgrade1ey5aeyezjug2xzuswl9ahkhn0mycnrvzqau9me,1018803041
tgrade1efkr049k8enwqhsup89fhtx6lq66f34nzuedmw,1017427859
tgrade1n3xst4q9xpdqxgduap8q9nuvd32gan0s3c0a56,1000311843
tgrade1fvznf7dt5v7qfp4wgpnnzfn6ahdy9treu2yf0c,1000000000
tgrade1phxc2wg9pcvc9wsqhckmajrgn4qhl7fjlmm4v9,936376351
tgrade1rlmuqh8f96yzdetdnctj4r6prktpt77nzax5zx,931552894
tgrade13w4h3ktqpe4ka84vuljcs00mwjam60vcwup5qm,928902948
tgrade154cvfyu85tduekt60ga8ydc45lc76w7yy6935n,875658718
tgrade1fl66y6slhp4343h30ugp625e7flevgqdetj0j5,766592426
tgrade1err5c2tc8ha6qa42tpvedgk585dpj355pxv80y,726370734
tgrade1ypwzuhaffvr06ktu0ne6lnm69gxj32qwx2a7lt,713904347
tgrade1skc8aut895jvg4hdxx7q89sus5x63edeq0mgrk,713881392
tgrade1zfcmwh56kmz4wqqg2t8pxrm228dx2c6hwwyxfm,713880000
tgrade1968mh9rmp0p29k6yzqxn6se4fca23882d5h33k,713852295
tgrade1cxmsyzr90qh85gwgwnvptukhk2tvvhq6t4dr2a,713850000
tgrade1c9ye54e3pzwm3e0zpdlel6pnavrj9qqvdvmqdq,713841121
tgrade1s3366h2rpwhvlt0w0x49ssyh27778dyztnsz3g,713801525
tgrade1c8xa9nxxuvgd32put8qqmd33r29hwuq2ptzh36,711766250
tgrade1hqwhf60933tyjqdry8tp9nxs4sf52sxwcff34w,697092358
tgrade1qt46rstujqzq99n3zcqxuddnln0euy5y4sus0h,630260929
tgrade1hz44csmmr6rst98gh6ey5yqc59aft6lf4qy9lq,625000000
tgrade1sghqztvgjv3ug6ltpvvwwyhpt35u7hu8mhmn3f,605200316
tgrade1lhv6j2u593p3l606xn9gam4qkrtmczq90vx9cz,580274889
tgrade1mf7wu6alar2z7drz9ez5lsy56e3xjeex98e7ht,570000000
tgrade18a6aqwqmm2ltfjkh4w8ya0z5yx5grra3gm94rl,501000000
tgrade1cujhq72xqa5t5pvz3zjn0rfqmdl2sl0hw5naqp,483675191
tgrade1u44vteu9tlzhwk7cxfqekgtc7rumlg32vkxgz5,433212983
tgrade15qnf6turgmunhkvxrx0skvgw3apcwdp8zhcwzy,429296869
tgrade1selv0gst06ts9mvj5n6vy4gp0l7sts45dhvlu5,421850000
tgrade18ejuuy6ekhe9f0r837m03y0k4xq9y7tqtqanv7,420851919
tgrade18xytphss2w57dv3pf5glkgy0g0595y7xuzmnxs,409445733
tgrade1z79h4cw0plrq423zzzd9273g7jawh4cu0gg5tn,405222134
tgrade1clfvh2xf0gr0y6wykuz8xmra35adr7xn3n6qwu,390568600
tgrade1xwzjnzrdt59zc8r69mkzmdeyzhrwy3p9h7kdqm,378124140
tgrade1grnsmfmhcsl2dllkyyq7qzm9whlnwxzc77ul0t,356905000
tgrade1vq97vj6hsrvg8569eclpnpsvs6nk7jllf389zm,354502725
tgrade1rmmym5wfl8xy82dhe3ghh2k5qzks638vkp97yz,326809950
tgrade1c5cd25l2ujusap22umvy2sk6s4nd9gvyu57lcf,307912350
tgrade1gemss7jcmvpjdnkqkhfp56jgwvfe6t88gsu8pq,263212583
tgrade1m2mp5ss0l8g5tn9fqkw00hp3fd3wg95674ap0h,247164381
tgrade1vrml8rkxcstrneqv208wmd9f3yd5uwkwmuwnsl,221964066
tgrade12xuv0mea3yz8w7qnxhfydemyggrz9llg20h005,221014186
tgrade1yxp82qlay8768867clrg64kje9dyv4y6ghzjvg,216671129
tgrade1593yhrjwvhcv3vlvars3playrhfhr69x5l0skp,214042466
tgrade156zyj653agedruqlv5fad9ry37nwflkrwcpl7l,207591629
tgrade1jnzqc9c5fxfmmdttftaw92ada4wgepkmct7pxu,203976426
tgrade1w358hnfft9j357l35xjtq8k9snyqp7axwtyzzn,200444945
tgrade15essumehfvgjh6p63ufmsnqp32ch29lm86gpc0,191967824
tgrade1vd3l3plh0q8y2234kg8zk02d8fg6jf87ptgcvh,183565142
tgrade1pxc063fv3795vygudz6k0uf0lew4zv6896ypts,170202388
tgrade1kaex849hpxnudjmylygx8kn52vkarh5qhzsk6k,168045676
tgrade14x2p5ctpxt346vdrhptklgrjjye5ax5etg5y38,166251319
tgrade1zkg2tdja965738slnyfxx5kgqprwfl44ecnh3h,164081915
tgrade1tavf9pe3fl94hpl37u08mwt6p5l3fn4wzug703,162785675
tgrade1xdg5cp9x9zzne3ze8pyg3j8lm54qh7285ftxza,157380306
tgrade1y4my6z3lgjgw4f7x6wnldpkfagev2wd7hu6vrg,155332966
tgrade1hce9n95e33qplgxujezffsv0sauj9x0c8ss9ap,148140367
tgrade1qly96sy3yklkwv6cf4he5ves4qu8yn583gm7ux,143198241
tgrade1lzvp7rvfdjetz4sups0r70skv5wc3n985fq3dy,142069206
tgrade1e5pqdpzad6fhs29pvksqvt92q8ermf6h0l8a2j,141461743
tgrade1nd5gmrp3mz0a3wjyjqe9xr3hngkxdpvph2w3m9,141283027
tgrade12z0hpqxj3txaf85zlla7zqffp7n9sl8w72jx4a,140289182
tgrade19taqygxe4rtnda502s5jq69vfl9ffdca25twkh,138757978
tgrade1fnuug3854nyfqa8wymjqxpuxqdc3pu30cjpdvr,131298559
tgrade1d8g5e72najrzq2crj9dpq5wk3c6xqpecwm555q,130882711
tgrade1s9cxswe0datam7s7j3et3x5p5edsvmzju8zhpv,122021886
tgrade1uxthxgqhmxaqlh5u6990j48x5y0u2udfx0dd4k,115093962
tgrade1hmzk8ngj5zx4gxt80n8z72r50zxvlpk8tntnnl,113851443
tgrade1j3r03dpsv7v0hrgtnxxmnvnf94h2zwu6qsxkyr,109951538
tgrade1afrr63vpdkgre8xk6sf22w5rvkfkfh8r63j96g,107069196
tgrade1qasvvkm4z06ndwphx4zdxyl3xpjnl6qkxjmcvw,105000000
tgrade1m6ey4dvk8j520pwfr4d573cqdqcfyhakp282rq,104846154
tgrade17h2x3j7u44qkrq0sk8ul0r2qr440rwgjca5y25,102232039
tgrade1k4zpaqh8cmpw2l7vk5xj0zuxdv52fkfqc4seg4,101838198
tgrade1jmjjga3j2qymr2v75x3p92wwmv0x6ch6ea0yfr,100817881
tgrade1xmzcs6uxy0jjaqkdac3xsvm35qkjjv37lzm8yd,100359737
tgrade1qaz38dnp38s5939h87w3jxt99fjq786mw56q27,100000000
tgrade1dj870tl9jkt0xzha5dagjkec8zxq6quxs4wm96,100000000
tgrade1cevukcwjl7ral0xed2uyesfk37u3txpdw3e4jq,100000000
tgrade1y8lgme4d47nfnevhkwvyx0wd33zhl7un935wan,100000000
tgrade134ultcrapjnu8nxttt5rlc05tgeex2jalpyk33,100000000
tgrade1n3mhyp9fvcmuu8l0q8qvjy07x0rql8q45a9py4,99234393
tgrade1zdzujvrltwcluasmt5qmnplhs2exrhyduaxa07,98997710
tgrade1j6smnm0czjaz8eq3d66yzpt3jxlp755zh5t3ng,98962000
tgrade1y7d5wyurle62g2spca672f6sfsf4f25d8px3g9,97974206
tgrade1yn9yrgh5f3an23y8g0ktt5c6uc285lg8596dyf,96477784
tgrade1gsqqhn83y64urhkdymv4us3vpz25jpv690gqu2,96219444
tgrade12k8zcqdluy8knz8fjz3jkdr0jesck6d2cjvsn6,94018617
tgrade185mnz38j3uexaa9j4yl062ptjcnnvs2wvrxk4e,91860433
tgrade1txkjhk22n9ytena3c9cymw047dr30a84236kwd,86723938
tgrade17wcm8eh6k4y9j20s63h2prdj0kyr79fmx5pdqh,83082201
tgrade1c5vzrnvmdzqae6ln2auaewlel46qdqkyr34hwj,82770491
tgrade1ydw2lp4gcxn8qv09qe8w5qdpgt8qeu30gpf392,81491027
tgrade1jq5zutwuwdyr2h7vf0nlelk5f45ja5cayh3nyg,78941980
tgrade1cddkj9qt534dgv0lpqfvcltl8fkq55raz0ecss,72603984
tgrade10yvz49tyh6kw8qzpmlnkepvg50a5hryyje0x6w,66614802
tgrade1f6d3zh7edt5spp8qvuqdpwkh4swrj6hs3lzm4c,66381648
tgrade1e0xcl7ne95cdjrgudxxyyk4uekmald2xxx8mck,63118761
tgrade1m234dnn4huwga92r44f23xmu03qa90xmhtd9u7,60100000
tgrade16g4x972lvchrpc7zgtfad3sjqe3nw5njmuk7rp,59195037
tgrade1wwtv3y56gva9lhtl0q72psf82etw4puq6l05lp,55000000
tgrade133t8m00w7llsslnf05zdhehharntly8dg3ayqs,54723185
tgrade1f7ahqkjvhlfl8acf7dfhnegdklrqyrj6lckehf,54717862
tgrade1p4e6336js75d3qg9wqcypk9sdksalnaxr26hpd,54049219
tgrade1kq44na4fs6qfwj6auvz6k0cv2u834t05cr3ywl,53008637
tgrade1z8yc82ns73pjp7ja9qhr73ymjcgzzw05c4nusk,50539219
tgrade1p6763cacd9xxznfy9ynn3wf6mdp6hgrk6ju2yk,50000000
tgrade18kvjxrrp935gss49xpuqkn285m64zs9vhpmstn,50000000
tgrade15lprtmks37df9m6mgz98qdpg8357uw78rc39p7,49011227
tgrade1nna7k5lywn99cd63elcfqm6p8c5c4qcur4488y,48300617
tgrade1p5cnyt8as23jdjsxfkvnerafj2d53wlu9ulxu3,47065932
tgrade13zqcnz4srpeccl8f2hc7vaafyses5kn7lmkrwg,46777916
tgrade1xp9vpjdzx08uh7llkl46upc3cefmn4kpkj9gmk,46539516
tgrade1p59gee55s8gu5j05ejxvr56elv2pewtvu2036f,45042679
tgrade1467crryxceqy25un36uf6025v244kk7j4l2rjd,43838395
tgrade18wrrpz237p87fhc0mf7ta0cpsgp25k5rmcf7nz,42130704
tgrade10e3sta8ywpz39ahl8wcly4qanul3phlh4r22aa,42030726
tgrade15r675pn9wccz66w66p7aqj82w2etg6m720l4rq,39114100
tgrade1l97vh5wfrg783ts2mdm9ctkmhjhc8envnzymnl,37746207
tgrade178cmxu3suh2euqnntw5e6ky4eqxtdn538fgjge,37132695
tgrade1yjycpl472f6z4sp08eyj0s5fynp4k6r3nkcp7l,35000000
tgrade1ex9u6tjscelwlu78cqhj05utc6ljrz4y2c28jf,32699158
tgrade1fmm5sezclltdqfzcje8tl0hgyxhy96mffxw6w5,31594074
tgrade1admh0ft2553aw6u9hxn7v2vw488r0yyg6u345u,30835357
tgrade1z024vgu2v80dv0gg64aawnz8kynh3apuratt2x,30500000
tgrade1a76quey0agz6sauht60wcw48kaa634zjvxh9mt,29700000
tgrade1ceeuek509sm74thdqsvmyx6vjzraw2yt4ckulj,28055412
tgrade1y0hvu8ts6m8hzwp57t9rhdgvnpc7yltg5udddx,27914954
tgrade1c4chlqqrza4yrjqgxp784vz5fe6h53ud8ec769,27428750
tgrade105h54cc69axseakx0kuxecwyknwjtugvzmf2k3,26145699
tgrade16fl5mx8wvfwplr5p77kqauu0sahjg4p7mxl80m,25918251
tgrade1vulkvr4v22yhlz87hahra8a307uz9ufe9l25as,25815674
tgrade1wp9nrjsxtwlwqylfqzxv626vz5rqy8ck7w9lxa,25200000
tgrade19d522cy7sxaa2083l4y60jx2juyzkgssfpvw33,24207721
tgrade1errh7hewqpr02379k0dqr9qu6rnlgkhehsrh9w,23701689
tgrade1q50hkqt3lx3d9lpsj523n0qj3epr9hfs3khq8q,22887477
tgrade1f3gq2avan4hsq8vsrg9dwuuz7frv55zhv7w935,22294348
tgrade1nsempd9ljljetpecuyc8m6agh0up8e43d7stk7,22293514
tgrade1ucj4xmmq3ykgkw2halpf24h5n2awsu2tur9esw,22000000
tgrade13nmu649t7nskn9ewhxh7054cly647nkc326qf5,20877606
tgrade12fyvw87f386fdu9zvrw94m4f3qre02vfsc2tzj,20311439
tgrade1kjtmkagp4fz7tx9nsu5a2xfnz6m50nudlpgqvz,20270347
tgrade16klcnrmxdzqyp25qt28lwvfac6wpyww252ttff,20214247
tgrade107vtc5kflupjz0dfurh8x444a2xtke9l80nuwc,20000000
tgrade17mmhl3d3rsmc7457gw30p20qgj3d36mgmzj0m0,20000000
tgrade1xjrn07uxefjvkdmnyzl9xvh0s4cmwa622fjvtj,19804256
tgrade1vnq4l4jk898akhhknvu3jmpl2yex300sky3q2x,19152570
tgrade1gpgqjc83966gf969n6s4p5zmud7pssv86unqln,19109894
tgrade1z2p8yxg9282pvyehht725l48w8qkpc8u7j85qh,18010912
tgrade18sd2ujv24ual9c9pshtxys6j8knh6xae47efff,17965502
tgrade1ev49nxg3e6y23z9ayvkgj3vlmg26h727v3837v,16790566
tgrade1mezmd0yzdqmvt7e4qw5hkcpl087mtr7zw2n6mq,16723926
tgrade16f7ph7r65ja7zt85ttrdu8dxjtpedkn4qypj2g,16478824
tgrade180pdyeng2am7mmqwm9ruvftsddmd2vyjjnxg7d,16266837
tgrade189vmrcqwaus996sma6mltx0qjhkxp5rnkzafn0,16115273
tgrade1pc2zu7c3z6lxm7sh36h9vy5j4fwju7am95q7hp,15229704
tgrade1237qc8asm59hqzsgv4z7vhtnvpvv76p0wqe7yw,15000000
tgrade15gu8x3n56v3rwj4pe5gh5l5k7f8x2zl5gwyx56,13875789
tgrade1ch3jqtvs4glegusnp30pffu2kce9gev7kuxdqx,13210000
tgrade1de0j5wwew7kvpc3pwfmpz0c6qn58elw6gtcfy7,13190292
tgrade1memcf6sqd00h6yzf0e8e8e707tjmszpdt4mkwy,12623596
tgrade1ampg2xw3pvgzr6qcw9ql7fx0vttqmfpqpwt3pr,12619880
tgrade1g2fw2rlthtplle950cmg5kk48aphlvfgptz5ls,12500000
tgrade1xx4l46pngu090cwd4fdtpf8fv3u6pf837el5ja,12215830
tgrade15nf66lutnk3zcldx9k7u05ew8pp5cd4q6ay6t8,11875596
tgrade1g0egyw0qsqspjx8g0r5x6j0phjxpq7evzjsvmv,11507794
tgrade1hqyz6z6faj3h4cqs6akg9muyq5cgf4exx6jsfv,10843454
tgrade1ga0tl4y4rnn9p9h4evuq3r2d4pymrl2pj8qq2r,10510039
tgrade1v7w4fs3eq63vfn5xqqh04pzuesj44u9em9temy,10305353
tgrade1zf3f5xcsh34twg4ulf6h2d84qx3fwupcssarg5,10281747
tgrade12f3cz56r54j4gzw7dq7wj8c3ammsmzjta357lz,10181956
tgrade1kcdne83mkvygg7guueswnfyfwtsdmewywvnq5q,10080839
tgrade1wh0evrrxrdlph6nl98v9z43555fufy2q9zpwly,10060293
tgrade159x9futcexqcgyl4nqj6t5yvlqtfka3ku9j7mv,10006500
tgrade1h4w509ewf0wh6m3d9fqyak9z45m9lrqs80c5f3,10000000
tgrade1gnldtsutf4czxpf6lqxyjuzj4z8vlrghjuat5t,10000000
tgrade1edq7tuggx7ex6t5vuf5ltltenmtg4r29gfd5ff,10000000
tgrade1cf5rncss587qs0raqgvz8klgnhtujxdquqce04,9945000
tgrade1p6hg78pts3vsak8q5ep4ud6zg0rpe2mgcq86sz,9859900
tgrade1qerjal24d9kj2rez97vs05l47258yglze38qww,9374015
tgrade1hms6e347fn2sl2eujnp6372epdz2nvlf4mv6hl,8835046
tgrade16mh72fdmzlx72gjxasvxu4uktjujvlfhjldlcn,8800000
tgrade1pu56eey9zysaw2tgnr43e97wkw79hmpn6mr07p,8725000
tgrade1k3jucgkhgjnhz56ltnrq63ylkgujfjg5tye96t,8484438
tgrade1utgcen4kj42gs0cpzkqvyvhu2tcp4pvt4gt8m0,8304302
tgrade1mjq48r6435aewerpruwc8up3tz3rzan28ekf09,8000000
tgrade10er5skwg5sh8h53v4pezr48n7j07dccsqpw5ss,7938827
tgrade1rqhsh8smda90d3n7txty38n44z5qfqped6jctq,7834578
tgrade1symf474wnypes2d3mecllqk6l26rwz8m8xux7n,7813255
tgrade1f0l7zvkh7jtk2p8n288jpj4he0pdpadd8j4f34,7639362
tgrade1nh2nk9q2fhc3vxhulj68raewkfxce03yjyzyx8,7424523
tgrade1dlwqwzggptdvx9rewhca2axz64klpzw6hssj5r,7364148
tgrade1ukpah0340rx7k3x2njnavwyjv6pfpvn6l73z8r,7344672
tgrade1d4krcww8j462280f58gh6857c4j40w78td6uwu,7268076
tgrade1wj3y6eqjd5c8jcfd25w38jkjd66455faa6t4pg,7166560
tgrade1te377zqxe6gnsfvev6eqwlvrva2e59rga7rzdd,6980000
tgrade1heuekrcyx73v8gumt529gr89l0wcacvvlcrccs,6965000
tgrade17k3tkrpe6y75dkq6xv89jlqhvupk7xyysuh27n,6888215
tgrade13wkt5evuumza2hreqz3d222q5czygyexgzvdtq,6728521
tgrade15sdk84lssc385jltlxy536mptdpqmrcjz2lst2,6722655
tgrade1v3fgacyt5f8lmguvrvtyjqqnpjmw2ncjj0xnuv,6663702
tgrade133qxl7dxav4trueksg7sv8mhk45klegn5n6n5t,6517118
tgrade1fca989yw2y4dgjx0hymkfd4ush8q8navw2cvh5,6470167
tgrade1pmhg449rk990w2acau2q2cpmh2m5333rjje9td,6242059
tgrade16vg279vhgempqyl8q5pr03fpqz7d7f050h9s0h,6230000
tgrade1jv28yyjrja8w8gyfk5n656d34x2sja9g2rfzdp,6000000
tgrade16xm86hll3ylg2nqz9mhw5umvadu9p8y75sulnd,5925777
tgrade1f9jh6jc8l2cmp8sqsxapdr6xzk56ldn5memm6c,5853739
tgrade1ygsgtmn057xn7xl30hz0a3y5p7p7ltyh9ncqfz,5736744
tgrade1gcty5saafc957fdx582adzu5k3zsw5qg32veuw,5704921
tgrade14wv264ngauxx9v5kyrc33yd6q3ek2jvdle3c6x,5536284
tgrade1f2tnn9t8qq73tz7e0cay3hg0cvfxrmn576adgy,5500000
tgrade1zk3yxwfpt02j0cfdu5utv3gt33wxu8fpn6rxjr,5489175
tgrade1daujfmddygyty3pjsnr9xhz3vxymh6u00krlym,5442063
tgrade1c9gppz986r80yrjrpn4942pwn7y8cj5w7lfljh,5399662
tgrade1vyuc2rhrr6c8t38l67qg6852q7ct7u45pmevgu,5317439
tgrade1zdaavhnhx8sfdqgtw9ygfxfn304d88lh30583e,5307942
tgrade18xkav82x6um8v4xpgy26ea7zqyyz0zv836k8s8,5191856
tgrade1cemam36qz7le8p0k9gykvkshnvhussphax76mh,5096397
tgrade1jeuv8w0678xly228kgwnzklhjeqc67p5px9tfl,5096113
tgrade1cr2m7cyeewszeu0mjgtsek0hpd04gzkxy3mcsa,5000000
tgrade1l0yup92lnlqhdpuwzxhwy44j9rcz0ep0nymx0v,5000000
tgrade1z3h94pfej53rq2wq6npm6z4q6m0ufj0swvj5zl,4991221
tgrade1xlj0alc6vy6kkmla0v7ynz2rafprjerzc8fjg7,4980000
tgrade1uudsh5zjjzzclgc4vwpnukk4u3ftp569ujqp32,4940000
tgrade16a3juddt6warcrxu7kqf9evexjap9fl550vh25,4938777
tgrade1sr0s7t5vskgkdeuqw47zatvdlhfhvuwkyynu4k,4876690
tgrade1yywtdxe755z5mwse72pus990erzz4sfxcc8slz,4734961
tgrade1t8dksk2kwymllqa8py66ey323sqemh6ac9yra7,4990000
tgrade1p9q6p4zmdlz74vglnf20q3arf8lpxf8cpvq9wq,4622659
tgrade1ma04tv0lhcjqtwpjyrv6zqm2n0ngrctz42ffjl,4527554
tgrade1phll6fzs8ajg588gg6shk2uavxurlx6q9d4hcr,4477010
tgrade19upn07e6ksrkcu7dj4ja39mgdlan39xx9v3yxt,4421000
tgrade1dk85ltut7ef89yngn829j6mlvr59zxel0rz2t5,4068624
tgrade15ht2hmzthxdlwqdanhd4ny4w30mj9424rhmmwp,3987000
tgrade1c9mkft0d3sdjm3us883270veuww7qe3yhu9alp,3903617
tgrade13fla7v859d3sqrff2afx84mnc7grumts72v386,3696194
tgrade128zyy8ku95je5r284zeptgy88mmspcwe0wdny6,4318157
tgrade1wtsyr5f22reqpjq8xn78gddjt3yj5j2mh60lnk,4122233
tgrade1nq5f5y36ephydgl8gu3xc9lmwnjs6wtezpy59e,3929662
tgrade104c5uka5ahn3erll2yavtaav355emtc0kgfxg6,3813893
tgrade1en50u2nr4jxgc9t8pr5cg0fktu40y6jygcfxc4,3800000
tgrade1ajpm3e98uy408eg0npx9j4875zxmxnkph0kk43,3785316
tgrade1ed4g270waqf2teyvswzlhe5nrjtyda2fpuzexz,3195079
tgrade14l4r00dd40zd2a8hjekvcap47ajfuq58e48hk8,3087769
tgrade16u7czt5sml3p68zm4vy3ww33rlptg7cvrrvruu,3003775
tgrade1nmh039s4fnd29ahfhg077l52cmkw3mjuul9w7t,2975000
tgrade1qyfled5ulf6wmu2u4smstn8rlzazanmqnn86er,2970285
tgrade1kepe077yknqm9kyt63l4zu9rcjla0aku52f7vn,2944469
tgrade1uqpgdfnc5r75kamyu3vj8x9etr8m7gzyurzr4x,2942751
tgrade1hqyr7t0shsqfl303cp7ea03fs2lfc5np7hn97u,2900000
tgrade1tx2uajd6jkazwz89dc42gw3ewjly0aqstjxeju,2883533
tgrade19gc940vdsl9tp5kvkzec7m8njlup7ay0nfx8gr,2840860
tgrade16u7kmc7wr9cdtg55j3zym22lmfrv3cffeh4xhj,2820864
tgrade1sd977cstphsrmwdkatzkgt3u2ctvqywc4chggl,2767574
tgrade1n477vl2knfku34n7d2pprwykvnvzyay2wvjkey,2734208
tgrade1kaa5k4j8kg05gdtehfkh09n7ru3lj65mmmafzf,2669160
tgrade1wmpxekeka2z8z6h7k60t2tvdmqcj3eqf4qr25k,2655515
tgrade1fq5twlmmmqhahjpy0h7sleskv4vldmdz0t06r2,2552628
tgrade1qa3c8fk74xu5m2c7acpdj8uuycugmdzrqfhtq7,2365790
tgrade13gfh50a5jmxl7ytqqrdj3sl8eeexvqdmn83fca,2214156
tgrade1j3jq465aqsn8r600a2prj4vrp0pfzdhr5mup62,2193061
tgrade1wr5ezemfnc90vfh4d8vwdynlxg8u660fqku3c2,2174683
tgrade1r8anr3nwpst5n0kg9ch0g9395m536uv8jl0gah,2134440
tgrade1adtxg4klr2z65zqnxwxv66k5wel7mljugxm5rf,2110802
tgrade16t00cvmr20eegltl8rhygcl0ljqe4783hhczwc,2100000
tgrade1s4mmfzhhk4h7fu9yheu5vurnrw8px7a3pmlnhr,2086299
tgrade1jzdwwaghaullrycpung58lkkuj37przj09dych,2084918
tgrade1xka722kkqgal47qpfw0ep8h2slzkdff86v82sc,2000000
tgrade1js7ezrm55fqgxu3p62d9xn6patjku2z7ne5dvg,1975000
tgrade14eh7wjxtk6n8lhz777xr4m627dckgctaw3mah8,1967262
tgrade19t9ghwc0sjaqd4we7mven6n7z7a3cu4e3s0heh,1932400
tgrade1hqneht9gd4rwjshyytv7r8rs0ya55cglmaje2w,1918402
tgrade1ap3e85e9tx4umy9w4s559yegzs7y4wcjg9tlp7,1914935
tgrade1ze2ye5u5k3qdlexvt2e0nn0508p04094e0y9gh,1904373
tgrade1ydg2ruadeqw2u0knrrtacfpnyedefkr5vmtqxr,1895523
tgrade1m7m26sr22thnlwwywfyf2tvu9vlqjdtrfdfge6,1888876
tgrade13fyrv9huq880vkc3unl45grn2klgt5qqq0h9te,1860765
tgrade1tmgpwsv4j5gps9avqz9rxqnmp7nudm78jn5f8v,1813912
tgrade100gg7ljmrmk8lwumdwundm3yxgf44rcclpl9q0,1761972
tgrade1r87nyzf79seyjvt6f6ygqn9f6ncxnh3uzwyr2y,1761256
tgrade1xcuk5lls8pf08k5glj578afau223tv3023af4p,1733921
tgrade1c9tpxanexwfmrj5ywf282rvnw29vlesezknsal,1730501
tgrade1re2vnf705gxj5xa4uha667nh2mk23tf4aakwkj,1717139
tgrade1kp645tmhwxltp82emm358zxqe9cvjyj37yfxj0,1687786
tgrade1tkgvwuns7l7vkpc0pq2nnjkkdz509vwrzf86sw,1669141
tgrade195tnlu5r72ug2qnd98fklh48z0elkp7mg24vhy,1633798
tgrade1g5tn2xq4m0ch0c7nxdr4usf08aqfnu2uqaky3n,1613125
tgrade1dst56x08q2page9gt7yq7j99rj5sucvl8sxj6r,1612455
tgrade1s8pprugdnz6kwkqedcryjvzggzjrw0sw6jlagc,1593451
tgrade1sz28qcqhqvxya884gr3leyufxzq4vtkh6yk0dp,1545476
tgrade1rv62alwx580v7rdasxvz3xkepzy6wnfaar7t65,1536355
tgrade1x3vcn949mwnhvfez6ce2tuvluu85sjl78ejqn6,1532829
tgrade18jtj2tpzcd6vd0kkdcfdsymgzlmclw9e2u4mgg,1523424
tgrade1wqvfvc7emqkwtkegkn7ugxaqhrfh3z7nps5y2w,1475000
tgrade1qj2xryxq87lt0yt92f8tnwnqhqp0y4yr8f6jzw,1342838
tgrade14d8v9hw2ev43gffkuk5d3wk4gpfu9vdtz6ferx,1400760
tgrade1gr0e3pj3y6fqvzyfm0qxyw9h5dwfrvh8fvect3,1358000
tgrade17ukmphlmjuxf4cfjrql86krwx8tm5594htkfqz,1345229
tgrade1n4a7szqm4gu0xegntwy245fjq8tlfh4v7advum,1313376
tgrade1atwc6zs27hu7w2wlqeq2c2d4dumtclwcakm9c7,1312055
tgrade1m9axut3xestl5tfgyr6kyeh99e2vlxlc06t92r,1297168
tgrade1q8v5cuxwmvsm4xpkywz68ek2e9frz8n5mkadmq,1277760
tgrade1q20xmdhr5nqlvnva3s9rs0zp6qdn93fslkxret,1259741
tgrade1j0m7ttzrmjetj0juj0698pflw3a86ddte02dje,1233596
tgrade14z380vc49lz23jjv03kkl6ju2pjykmkmw5j89p,1171654
tgrade1tw59eezlx5j8kr0grl3jryug44wafvmwya66kn,1170683
tgrade1lwxcn8a3ntqpdtx0vd4wx3harnx08enqkd5kjr,1169780
tgrade18jkq8aws4e53qanhyrxjstdzmp7hee6jsax5sl,1156554
tgrade1vqae3sthzxjr8ryj0vlet229ejyg5cht3uemgp,1111897
tgrade1pu2q8py5zzgjg6vscpnyqzpuxuuze3fgja7cp0,1100000
tgrade1ceeqym2q878ek9337a5m7dp724cap00n5zdz7d,1092928
tgrade1vazjqx9vffyya7a72jvcdeqf7lnkwgl2u5cy77,1086415
tgrade1k0aq3m7reynyeme3fh4fkx5y04q00h8clvxnzd,1068588
tgrade1vc0fj5e86nymn8shejs3a2q89mv2yxxamndjdq,1058732
tgrade1feg06lg2frgfxtc7te3e6wrldk8gtjde7z5jxf,1054003
tgrade1g5urq7wqff2asddv2jwefadhhnsre2ss5sayw2,1050000
tgrade1y3h9a7rxpm567rznje7z039dv24zu830ck864j,1033092
tgrade1e8238v24qccht9mqc2w0r4luq462yxttsdw5j7,1005703
tgrade1t7kggne7kpsrctfkau00cnkp4lu34u7frvamut,1000050
tgrade1psecyasdnulv83lrp89e26ljkwylncc7d2rn4d,1000000
tgrade10yx49474vd2hrgl885wlxfmz5unr3ctpvsxafd,1000000
tgrade1tpkk5sj5sek2h2k0a0mqd8lnk4y96vj47hns8w,1000000
tgrade1gdpk4xeyeqzdkdwc0c2zrd8ltrthnze3l2gcud,1000000
tgrade1hmvnht5pmajf8gv6v9lqxe3yptl6zhpgwn4mpj,1000000
tgrade17g6mcqjngev70k7gx95gjz964phnf3k9nln7mz,1000000
tgrade1a5f5y07kr5pnt9ss7qyaqurj5v67c0wa8at76p,1000000
tgrade1ck8h29fzqva58jz6763pc80p23wv55zzvl8hpg,1000000
tgrade1jznuqj2afk6wq9grlhaghehgngpps3aufvm89h,1000000
tgrade1lucch767n6ykc6n087zxgpxph8xhkrj2p0arn4,1000000
tgrade1m4prlvvc5fmgxrpx5cakkv3q37wvfxvk9gh9xs,1000000
tgrade1fgvjh8tpf7k4twp2zttrzewu645wmfsqm0w07n,1000000
tgrade1kux7zjtstlkl7a9862k0wef9ecs365zjxrtv2t,1000000
tgrade1z5tq60s9zxu339j9pvdud4qeaued0xpt9u6jzs,1000000
tgrade1lxtykp83gr4ejt9lkegrrrac7xxpfr8al2zdfs,999081
tgrade1p9fx8ku99nkdlu25r2hptpqmznve90ltmjyr30,997843
tgrade1xr4wzrrgxrmj8kplqlznkz8phdjuzkwegrufc2,995323
tgrade1mgxgrxft9ea5dervjvc6j8ntm6cetv86fmrpgg,995321
tgrade1e8a609levqf3knvg6hecal4fpgwgrxr5nkzagp,995321
tgrade142r5gawqtlj78e39uqgg35qhfe8sutvktsr6kj,995319
tgrade1tucrzvxlhtqvk8cvwn46uummx54r6ytx9ldm9n,995319
tgrade15tw4dvnznpffxmh0uqg6k0ppv9j38jmgh6k9n5,995319
tgrade1k2tuqrhcqwqefqtj5zdcxz74vvw60ww9ssvqj4,995317
tgrade1wxxg6xw7megv78evxwusqfr8ya02myrt3whahg,995317
tgrade1034znln8akd8sndmtqxnagfkwf8w79h53uvy7p,995317
tgrade1szcaflukp6jdxd656k8swhkeh4tlappcd95jxv,993862
tgrade13zes98hlmnnx4lkcfuvs3qv9q9z7vvm5j7kg70,993861
tgrade1vl48jvqgz02s6uzqxnfw0y97wt3y2vk6afzkm4,993500
tgrade1jyru590g3xvke422q2f97xhcz0u4g2rlglwzx9,987000
tgrade1vuy3a8zqtewxqx2hy555k22pdu2yk0x74y38du,983880
tgrade1qsagnxelevekw4vlqe6n62mjaw0rggw0s3z4u9,979000
tgrade1vv6hruquzpty4xpks9znkw8gys5x4nsntwdhmx,970666
tgrade1nm50zycnm9yf33rv8n6lpks24usxzahkuypvfh,954694
tgrade1794u3gwmn0csvyzu90tnazmccrkrmx93mp2pwm,951822
tgrade1j50e4wwhw332aq922x45p9phc70r7sy44v44y8,950000
tgrade14ysvnmpag7ppw7vjhw232jawpkyavehxyky9dk,916000
tgrade1tvzlc7n05ht0wx8n77a04kkv75yy8dpsfy4d6h,883411
tgrade1v2wmsgvu3c7ss3altqqrxhsen8lwentttk8jxq,869602
tgrade1we8a49nlqr3apex8zxxahh3zf2ye69dy8pcgmv,802602
tgrade13e5609j50wkfqv02pfkwvhdp7qemqxxvum87q9,764368
tgrade144h59sa8t978yhav6agdxfdlvzfzfem24e6xpx,761251
tgrade1j2thfvc8jutpf8yrgl5887wxll0prl3z6cgqqu,752487
tgrade19evu9geh3e94l78jg4qjmktj05uxnpl095gplf,747209
tgrade1gjh6atlq7xypygs7ga32r75kjpey09m9shfy24,723814
tgrade1dfg7jytutzzpa4hehgeegw8gydjnww8hk2ypu5,711783
tgrade1auuvpkamdzfrt9xqmx8uscaa4hgj7nx4gju8am,698935
tgrade1tev6rnq9y6f9jjkdhghfhwx8jfndmf9pte9ynv,696925
tgrade17ew4405s85aefmsyn2urd7d6mszukh6ygpq4rl,681556
tgrade1cdwada8wqy9fe7ekqdm0uh0gxgt7dlyu3rvp0m,660017
tgrade13uyv2mzgrc4r0c8aslsvkfy7dcmgflq04cqs4n,648597
tgrade1n7jwzd72re4mtx72dut3afxzdn28htay3j8nvt,638048
tgrade17x2ry75hddumjswr2gr7hwfle7hdtnedruguvv,636839
tgrade1g347vuw8kwswtspx7h4qz5ckaq89q3mhw44mpy,625612
tgrade1jvm8gy4lgzcrsagxpyhvvxymz982y3j5c6he4z,624450
tgrade1vxqskllxfawae420nq7m3mwjs2nl87r9kmwqn6,614417
tgrade16mue32jztkv7rzp50k6r23wx6nlnyyh03knlxu,578223
tgrade1wnpq6lxhjhc52cvcpvhgrclgq7f5chl49acssn,530000
tgrade1ljh73pqjmnlcu0057k2xdzv36l355c82k9rv70,529724
tgrade17h0p77udrhtz63t9jem4gu3v89nspzs7l8e6rj,529429
tgrade1r0fmlncm0twdhte7tlll5lxf6et729x3k35hrg,529162
tgrade183nnun3xl7amzskn3apmnx7h6gwr427chncmpq,529034
tgrade1asrupfzjyepcjhafz2fjcz63wtslj4ueemrqtx,527775
tgrade1t29fvrlsjsscyahlq5h6naa76urnzm2f35nw2p,502721
tgrade14795r8g39ew7k0dv5u2hdk44grm96ywacxy60h,500000
tgrade1237wem6xs4u0t5tlu29upjjssmac4e7q7kpf99,489447
tgrade1628l2qz5mgdf890wt5fksf3c8smw0k785a5fua,487000
tgrade1s6a7hwcvk2ehsn7xgvfdeaawav4jwdxlvxef98,474317
tgrade1d6q046wa3aah0fd87q63w3pdhp2sgg408g7vvs,472973
tgrade157qv2ukkm0r4a0ycrze5x92zdffzfawuwgkeyx,470741
tgrade1h8zhf0ccu482rtcnv9snk7p97hjynhemg4t7ne,469958
tgrade1fwdj3p3l2l5tgfwgymg9suc44cks2fv8ye5a33,447922
tgrade1n6kqrlmdhenstppxuaemczplnex0cyk9fwfmaq,428770
tgrade1h8tu825yjuk9fvlk9lu0335s7zdxp8m00ge0cr,417126
tgrade1fpng6tkhr5ryfjryjmr4t3srwwg5xs0r5sax8l,400000
tgrade1ytmwk4qwphevacssnxaq2c773s0smpmrhhaxtn,398382
tgrade1rwpe2deqw6xl4ddycwrna68djwn8zxpv7xcltc,393315
tgrade13qg8wcye68jy2pzxlft33kp6q5u846c2557vc2,376375
tgrade1ej4hw9zvn8wz559xkrdcerjcauagr3xsptdryx,352991
tgrade1fry0w72k6pwk30lkytcga77qa3jg358hdnjc0q,350272
tgrade1ej2es5fjztqjcd4pwa0zyvaevtjd2y5wgjaw2w,314461
tgrade1xpxczuwr0x7tsnt6q2l7ke4vvlz7medpwaaaj0,312284
tgrade1d3287c48hxk3wzqp4kzcffc8pckt6jrwq0hq4x,296976
tgrade1387htldezj0d5sjh3a8de5vthasjg2hmmzl7vj,282000
tgrade1nrfmejnx02vqq34gz4srmmrlyamjtde3auxu28,267260
tgrade1r0rnhujmq60d8ewkd4eqjrxetcaylcfvmwefmv,265847
tgrade1w68sqty80mm55w2qpp46d95d5rgl9ecrefj592,263560
tgrade1v4dj74wkugjm0y7qymwthwm4dnkypduu2gy0a0,262662
tgrade18nej8s0ykc88hgfumqdvs6kg9c7h0hdqvpalhe,261822
tgrade1n6tqtt6a7r4r9dxl9yn8uuluvwxag49t02wta0,204926
tgrade157z90gd97m5cs2sky7ddenvuvnjr7xypnqczw0,254532
tgrade1t2r9g9fq7x3lpf9wl23vnnv4gmh63lqt5k84ap,245775
tgrade127cz3qd25qefq2d3l8zdl9xqzatskjcqkg0hsg,243183
tgrade1dz487qtggarfaxja70grhs3lgfv02mpn0l9f3j,236269
tgrade1dvslrm9zzkdn6cgn4dyve0vfgent2v5u3g2748,223140
tgrade1a3ecfnd8dfzj6nt5u5n8jdg6yp7clpvfjz3kkn,217103
tgrade1t58yw8hs53hkaq6kf9cvha26dy6kc3kqwwa77e,209500
tgrade1p3a3xla9kc76tmylf8dm0slf8v45way6efc2sv,200000
tgrade1k07l9sgn37qmpy55sd7952knq8j7e46s5fedgw,200000
tgrade1y573wwtlw47tj0flkwhphhgrpufgptxfmslqv6,171448
tgrade1szwa0029n2shvw5fmqp843qfg42wd47kxkl35q,165270
tgrade1ey2xwu3tfgqxkg3wmrejt6qmn5dx3fl8cserz7,162578
tgrade108m4qkx5k26st6xex0d9620tw4fgdwrmq96k33,156586
tgrade1eyskfudz98a3nazsry37jcp75fd6xzkwdrrqz2,145886
tgrade19fddhpk2errrmvd4chp4lmx6rl75ydqjzzt6px,142849
tgrade1lxprahs9ptamq3rshtg8mhmztvxmkv200w35u6,138202
tgrade19p463jhn6he6a7d7pp6pqn932pw7vqneh27n95,132797
tgrade17m6nljqlutsk2drwqya6vl2alqwwpg05eh0pxw,125300
tgrade10vq8t0h39mz7v5q580tn76lvhw6cge9eepcm2d,119395
tgrade15q5lz0jyf4mayl7vk35dxharcx7aq2kenzn4hh,115532
tgrade1gmam4ycuccmfevaftzxc5qg5kuwetfka5w9my7,110248
tgrade1xn035q928lfkmkmr40dkvs4fc6z8hws24ufnw9,110033
tgrade18nupa5ptx6n5q2240xpgm4pqlhy2080zj9s66n,105721
tgrade105mje2pqg9nzp9ss9c2u32kwujk2mj4ef3qerr,101538
tgrade1fa59jlnx2aljljp7v2n9thc8ul9y74pw9207m5,101431
tgrade1pwza48p44cu9caawe47kvlzqcjzcuhkm9snt6p,100000
tgrade19n7n9vtnanucvx6akh0ly3f038nmet0l70jdve,100000
tgrade1wd7j44wzqxra7077xmwycy4f2fmf6fua8sy240,96116
tgrade122hjrmj8k2f0lc0m8nepdysgx9f2gan23gu7f7,93750
tgrade18ur3erlv4w03x8k2lfzzuys85uq696he76rp40,91416
tgrade10944n3xw29k7wpuzu3q0grf7fuz5q2d82l0skj,90000
tgrade1qgp768ecgct4dhnx8xy7297c5ny8gkg4j0dvww,90000
tgrade1pzsu8rxs9jpudqe7rnvu73yw3vx6ksrmj657p0,88392
tgrade10xl22u0rn4ag3l04mpe3sl99mgclrn9keaayus,83393
tgrade1sk8d85yzpc5gyusksukcdhjpl678zwld55tcjt,85349
tgrade170wqczhmetlzrmqn9zxhk8c6mp6a6783pz5r8q,80541
tgrade1hsd8u62a38fqh7svhlx9frlz4a2467htp6xelr,75401
tgrade1n50agas9rvjxpgxjqkk2ns5ff68eerm6ttr8yu,69998
tgrade19002ghhvt5ywlmrd5gsjm7zdtedjvses2awsw4,67627
tgrade16mcugkhrt8m30ctrnyfwmdt7gcp0unupves3lq,66500
tgrade18d7jpa5q6we96gluuc767cacxzgq92xqxjp56y,59844
tgrade18r44epe6ju5pa5vd4rdf8yssqtrpjhzdasp9n9,47049
tgrade1uvnk984yhpw48jfu5srvsrqdt03kkvlc3maf7k,33972
tgrade1q3dpka799kz96mnm56jygcqvqex8zd2252xr67,26500
tgrade1wa7cr30cpyacj7eznhpvv3rdperwhle0jeec49,26003
tgrade18xp9dch3k2uxyrz6mdnqd24vmp2na6u55dxwpc,25306
tgrade1ctr7hk5l2gkh7wh5dyukal3vyh35ryh6hn0pdp,24983
tgrade1ycf7tmnq94wv5kmm8wutxd3gvp5hf8njwk3h54,24000
tgrade1ursv4z57pw8ly2jsgn09dyjha4qrk7aec90q3a,22000
tgrade1akhswynqs07zj5p2k25r6s4ur45qyjnr60x464,20395
tgrade1ej2ex98d6g7kr9j3nrzxm0l0c9c668f0wuv7gl,16801
tgrade1snfk76yqeg9gcsjnk6gxqzhf29xz7pzqjvswfw,15385
tgrade1t5wmu8x093ac6xsvqdm2v95a3ekk7fsreeyx32,15382
tgrade1lgyasyg9dp7lsuh8uq6glsku93kxv9scavw48p,15382
tgrade1ct5jdjxwcs2whefy4c4dpuc0t3vuv7kstclhgd,15382
tgrade14mwhegj74cs90nlgdfmrgjlgd7rpq0yxnms0hk,15382
tgrade17cggfvpcwq0yt347gf6kvy7tcphzdn6ym30c44,15382
tgrade1hm48djagl6xy3zn6ctj7r7se0xxgf6mvrqpcnq,15382
tgrade1694dn0sdcvksm7vs7twrcee6hn4u6u5v5q3vfh,15381
tgrade1urxneaytw5rkqzt0yfnhkq5f3w0j37r8upnca0,15381
tgrade1x2vl92gqacnezm9uq9qsjkz3r7k9v8gduz2yt3,15380
tgrade1yqvxyhzqd4e6mg6hhd0x08jr5yg6mdzj470wa6,15380
tgrade10sp9pzjgkwk2l3938nzjr48ym6lyjcwyp33992,15191
tgrade1astj0p68fwm5q4kvt4xj4gztdgv3xt99v7a0f0,15183
tgrade1k2zlwakwcctrr96sah9h2pqc4sx5xnlpmzsgvn,15182
tgrade10wxn2lv29yqnw2uf4jf439kwy5ef00qdms5tvk,15181
tgrade1n33fpavhgzgvceapsecfwu63d4k4a368zjhrqu,14867
tgrade1hxg7d7sa6gxz3m0n975ztv0utnxz2whkr40q4w,14867
tgrade16egj9xdlev8lj0wr5ludlkhsd0x4zua3ks9jj7,14865
tgrade1czqcr9kdd7lx6s26crq7k90vx73cnw4a2ntf2a,14863
tgrade1kl84a6lkkvd8w4twtan5hp0r6yq5lzp0jhtp7s,11073
tgrade1h8nn2g25mpu9xg24qd697z8ahnp7xgthzh5cx2,10500
tgrade1saz2nvwyr87aqu60qc4gmnfl3s4s0qqu7xrmgz,10500
tgrade18trqyqnv6rzaf0auzyc38cdyj5xvcv3d038hmu,10500
tgrade1z3p5gkh62r0nhfu69w2l9064chkw52yez2gjmz,10500
tgrade138897rghcgukk8vumm9u2z7q950mwksawy3mdl,10500
tgrade1hmyql64eynzeygy4nxd90tqh4d99xl37sgxny0,10500
tgrade1dphjqwenetur8p05a3jqr00navx0de09tuu9rd,10500
tgrade12ct666eqqpu66nq7efewh8z3x2lzgvnhtuunvx,10500
tgrade1f9nh9xtutrxewtlc4923hujz8s9pe0ufuzs76l,10500
tgrade1eg9w337d55fhfaald34pwlns4yrfamuwgft609,10500
tgrade14a7ay4r87009lh4rs8ng5pts0qgy3m7nukjy79,10500
tgrade1r84vw339776hvzvwp63gmhdq5kgw7pmq68hm5c,10500
tgrade1qryq6e9pcavu9gtfjul0dxycemdatahgyamr08,10500
tgrade1wuqp2yfewnr4dd9lr6c8tpukg9re6mqway07a5,10500
tgrade1f20d96hc6uh04xqsh2csasfhzy2pc92p47pjs4,10500
tgrade1xatv8gezr09cmm2zamkw2l3r4uxuese49qcyvn,10500
tgrade1ddle9tczl87gsvmeva3c48nenyng4n56autss4,10500
tgrade1sah6yh3jmx8z24jgnytsurqryfrx5sqwrslwqz,10500
tgrade1svhe5nr4207may4ydt6zq26ktuygaguy4uyc6e,10500
tgrade1j8mtvjx92v665fzmuhpg75svrkyqr85w0xf7xu,10500
tgrade1yrjlqyf9r3kaxd3zea3ma02vk6meqgcjuc65cm,10500
tgrade1f04haf8fs3pgagkf2pa5ay5uqrkjstzxwmfkf9,10500
tgrade1mzk360e8tagp3j8wc7crywgnlfm7ttfqswjkft,10500
tgrade1yf6nrwuqzjs6v3sf57mftsn6a28zm6cf27vg3q,10500
tgrade1g4ve6uxpcccechgjwuyhalhj3qd44zsfevzpeg,10500
tgrade1a7er44z6lm9l97d4ur0lht8ul8r2ep5l36mj59,10500
tgrade1m0zndpgewmsyeht79kcnm7993aa020s7wy8uzu,10500
tgrade1syslr22psalk8qz2m7wh5pz3d6rsz58w0u94h7,10500
tgrade1yk8dsn62an3p8c67a047qv9lvqa7crpa9kugmu,10500
tgrade10lms2qynv6k0pxjw67slafm74nsx6lllxtp3y7,10500
tgrade1p5fft5dv2fmn2pljkzfg5c3lg9x3qxhxsuyeg2,10500
tgrade1nnf85kd8d8fx4dnccrqdpr5eq6d74vhafvjc64,10500
tgrade18y30qlzs450wpf5sxjas2k2j6d05tcrjqx7x8p,10500
tgrade1jwctn2pra072dcm5829nsasc55ej0q0x6skjmm,10500
tgrade1l56z09rcgnamet6st2sm25ez6jc3ynp5wlzv50,10500
tgrade1r726yra3euctv92qqfxh45xztewgp2qjlynye4,10000
tgrade1wsxce0ls59rtj70fwcrxmtmmv32vpgmgxvycdv,10000
tgrade187dz9zlxc3zrltzx5756tu7zew6yu3v02328dx,10000
tgrade19ztrw2k2gnzushs45fra0zteztm4dlu3smvdc5,9372
tgrade1ypjcqq02nfvxgckdmafh9z5deg9lr89wlkkjnx,9116
tgrade1jplyne08tx0qu77fatnyun8s0u9mtcgwz84zgv,8770
tgrade1huaayys7a8uv9d6e7ps9avzxfm9ffe95htys0t,7309
tgrade12tzy3enyqdc6yzdgyqj5lh5adcz4y50cxys927,6960
tgrade15ewq4840h8de60pj9rsfgjwnqdfjjvj86lv7n2,6500
tgrade1g0ezv8rz38psvuguy2w5rgngpkk3cyxuzz72sh,6500
tgrade1n0h54c882xqalqeks8vy45ftl2w74naq4skkr8,6500
tgrade1l7s5a7vp9j7welu48g8ply3eg8mce33c50wph3,6500
tgrade1jads4v8mawt0klvaltnpkpes7zjlre84k44gfh,6500
tgrade1tl2p5pz70zjp4s60gr5he0cljwjezpmkycwlch,6500
tgrade1km6dmtrvv25gsn3d98dk6q6qxjgtxq0t5sjahq,6500
tgrade10902j8s6hr6xgaxzq372ns0mdcyxg4c02cwljw,6500
tgrade1jnhnwvswhka3urr2rpafd697nuc08hagg7y9ap,6500
tgrade16w6chfrrg930cqcfewdzse6szgjk65777q7hyu,6500
tgrade1q9x4e97v9qzqkw9q9hc7n9drzagrj9mq0qm9pa,6500
tgrade1v2ytakyw3nlj6yuuc4z2rwcwwszwefna9ke3aw,6500
tgrade1l49gv32nkyjql70ye25dkg9f50nf22ea624dqt,6500
tgrade1t34fkuyelh4uama26gytqrdpddngekdxqwkzaa,6500
tgrade1rsfahyntfwn6c00jedm64v6k60jmzhsg7w00hs,6500
tgrade1mvvu3v9ran6rujp5fyhpwffsyrqhkpselelnv8,6500
tgrade1md9zaw7gpnrfl2swql6hjvgttjuf6cvkg24vpk,6500
tgrade1yk877d8cglr4c3rywg7ys7qcp4u48kwdfg8v62,6500
tgrade1msf7xjex6d5zal93cx7u6rjeapy8ruvt29qxam,6500
tgrade1r0mjrsjfprau9rwwxe04hkzfud696n3xt6etvu,6500
tgrade1jvw3n50rznxa2c4yfnd4pvmmcdymwpa48zcsah,6500
tgrade1mj7lkjsw65d6acaj739gpd0yp3x9htnghvj0zv,6500
tgrade1tpfglzqryjhz3k3u5x4kl9q33gpqvs3uh7kyf7,6500
tgrade1q9xmjvevl47420hq5362yf5ef2000yunnhx0lq,6500
tgrade12m2pjyp6h337cfquk5m40eyjlly6x6kkhxx5nv,6500
tgrade1v3rngvkg0xpcsg5pq887spa39y3rur89z3pl7c,6500
tgrade13m69ejcx0snhz0a5zt9prlc0sr5pzlj0tdzscp,6500
tgrade13evp5ueumezkkjxpqvjvgshvy958384tgqcsdw,6500
tgrade1337c957mmgat9u6naygt8lg7nxvd79sasyy3dd,6500
tgrade133s8nm96euz4xacqrff6vdvn5kdwfk50w0u4ll,6500
tgrade1upztfn2cdfxl6x30mlsxvj5v6u4wa20vl8mjej,6500
tgrade1ln275wyeypycg344u4mt603gsxkfnn6eumt6ft,6500
tgrade1ypsvuflcpdqr2msfqu3u77pqqspgl2htw6j8yc,6500
tgrade1934qwv8eamfpufjucv74wpunw9tduftuwdfzn0,6500
tgrade1uyf6ut2ywutapndths9jmueee2uvxllu5245yl,6500
tgrade1g0ajwm5wgy5jc5x32pqq3grd2qf4n7flmxeppm,6500
tgrade1u8q6gxah6mxxhwcx0xx8uzcqvj05u7yp0wlw9w,6500
tgrade1ug7mpa9l9wnmh6a330jw9jr0azjm9aawu0jd2a,6500
tgrade1uf4uwkeneagg65yxn8dx7qf4d69nsegsgg9rzu,6500
tgrade1efsj9hrsuhcu6lmamm544n7syfn58kd6yk2pwh,6500
tgrade1zalpt8wn8ffm4mhu83yce5led2r3mkl3n775c8,6500
tgrade126k6dvn4w7747j2tumn372ptnmfwupam5gtvg5,6500
tgrade1ud87wnrt5z59lcu5prhzt4swuk2s94t32s8lah,6500
tgrade1kj47mm76d4dcwjyetp8syy5j5s907uyxha0rla,6500
tgrade1u5t5wuyx7vaenk5085la0ptycd6f0mt569n498,6500
tgrade1exc30fc3jpwsvkec4xs3haflhd52tacjy50ulp,6500
tgrade1zjtvs7na8mck7l2cyhdt8cnz2jzusxtd8r5enk,6500
tgrade1hmnflethk8w968krarjsx0d77sm387exp5gkhu,6500
tgrade1lf59k2ady40pfu9wuht68vkrqu9z27xhvrcd3q,6500
tgrade1kllcrueu7lf3uy8v5hqsvt894khcy867p8vqfd,6500
tgrade1ualhu3fjgg77g485gmyswkq3w0dp7gys5579p0,6500
tgrade1u7ecwlufuledfdvwdzf4zvrw2nqe5rzujp49tw,6500
tgrade1aq56hjusnaf8nz4knays2yj7u789nvqxamrvxm,6500
tgrade197zhk2x8jrxdpqq0h675cfn932rnw4wpy9n2yf,6500
tgrade1pakf8yyx33ywzqtx4fh4anh543f64pjtzkgs4d,6500
tgrade1azeq452qwrxmyk36ayd4hfjjtcndhwvghlgcgc,6500
tgrade1wg5juwze4plye2kk4uqm3rvgqcz7424jj7zyn9,6500
tgrade1d2zgvnr7kcrq8m4t9senezy76mwl6qqg4xa5h0,6500
tgrade1hqhqn4q058fndsw7nnd4kll08uex08lrt6e0tx,6500
tgrade15tk5lzt82dgc637kw9hnnl4l6ynaknzh90m80g,6500
tgrade1q8t7ms8qx8lsr58cd9929ue48phelhny43w033,6500
tgrade1lzw3ty3d6tg4n0cqarafktkakm6eesd96ckwwx,6500
tgrade1dduy4wy3l0weju7ty46h0jcmx24rackgf69dlk,6500
tgrade1xzktgumtn7kn2g665w8ukuwtwxtlw8mx0xsgfp,6500
tgrade1snnphc4n9d2cpfg0a8w3d3qmt8sh7ha4wge9zw,6500
tgrade12x28sj588grpr06h92a6hjh5daa39x8cgtka4p,6500
tgrade12rlmpsen59qh0tduwlw0p6vcv09hc94083k827,6500
tgrade1xvunup2m747gu6yr5qpmpehal5tr654c8n5k5z,6500
tgrade1x0nwdy980ew5jkz2dwglud3jldn0346s0tfn3r,6500
tgrade1kh2pxl88n3gyh0u4s5gawm2ew3kmu3qkmnum7p,6500
tgrade1c5tkr33wypezsfy02wl27tmx9852l30pucv989,6500
tgrade1a69czspmvqxpf0g6pqheleadv5xk7m0v6v9h7g,6500
tgrade1pgcd9rv92lnhlrhjsull3lvvvwyq7lfmake4yf,6500
tgrade185yv4ka7ymn3f6meq7k3g42nxrgfeykjfqzhqe,6500
tgrade1fzjckfkh0mua4g94lluqqv89zqkj4466882jd5,6500
tgrade1d4ct9nrezqyqplpwyaqun06j6463ypjdsyhklv,6500
tgrade17pe4wffe5n094v9xm3v0jyvj38z3rzus0dsuu8,6500
tgrade1qw8vwzfzquczf43gpk909tcrl5dnqe95jyuerd,6500
tgrade1wqx8gt8tsn05eanmwfl6qjr4np2mgeyhlf5t68,6500
tgrade1xug46uep68c3g6nx5dt8m3jvxvfdenrkaj6w7x,6500
tgrade1ctay22wxlpeej4mefpvtpjxqq4f5k5jd3ewylv,6500
tgrade178dcdmhlsqx2nlku2gkjvnmnxkltzwqe58hwea,6500
tgrade18zqr3a0kwy9uukuwqzkqezwwnffzh2xej7znpk,6500
tgrade1wz63q7ze34mqhmdvv2gs3lznr6sgn3yrxlqsc6,6500
tgrade1h8uj22du0ka3ylq6rnx00cupey9y6e4jwac05r,6500
tgrade18yu5egzzyqhw429fu892d7qvy2syc8n7gta7hs,6500
tgrade10ehq249f2k77hk6wuzzhfq6jfu9zpvksuujx90,5650
tgrade1cxyczk4rfzx468xy437n9g0chy8q7pwv0j26lz,6500
tgrade1439y8p9rzghenuqp8ytg0cmjtgfzk086fvkzvw,6500
tgrade1f97xhgsy4866xf98fcfwnuk0nhwuu0lsgx6nyz,6500
tgrade174u8x5vnhuky6zk9ll20zmqx48ew75lf53xvcd,6500
tgrade1q0ayld7t4vq9rg6mmjx64pr7dc99l677lmmgym,6500
tgrade1xm0z35d4fr9h6srxmep6g7qkmfyfhmmc763wmv,6297
tgrade1k09afxhedzgrkn60rrnpa0u66yv3vz7ywpzldj,4220
tgrade19dlpu8wk43eazrjpyk9068uey4s2vrmtzr4jfv,4180
tgrade18zs0n88talpsht2rsxw35vqwq4656yg7sfajx9,3250
tgrade19k3rjynt848zaacgl6sceu8ndglunnpwsh9l2d,3250
tgrade1qkfkmwgc4k86k94gly3swjwfmqkqrxjz25s2jh,3250
tgrade1ruw9jyp5yax2ztkt05cx20x6zre3kp6cdhupjv,2143
tgrade1fslh6ruvepm35g952lux23fzgg6fqgl9fz5s8v,1714
tgrade163ndtplrrpkh2faf2c0y6t9v86llx86qet6vka,1462
tgrade1uzss2amzq34ryjvr7rt2kltsvxq20ak250fcsg,1438
tgrade19l9wsymdh3mp7munzrlk8rs03ttnu2ualflcn7,1050
tgrade1epwmekx7alm52ctenpe0qjhxna97vew7ee9y3y,1000
tgrade1k5mm92zt5ysj8f2qmvc6sezzpqlfu0mtwgk2cg,1000
tgrade1nx3chh7ju3l28w8nsu2wpf3hhqfkg7lkrgvvt8,428
tgrade1qt9nr2m65yd907d4j9unsla5cnrmwlp9yfa0t7,424
tgrade1a20c4f5280pwza4649e88hjrq6qlaptxges6xp,392
tgrade1lx0cxps7l443kwyvvkkf9wyqqtqu4xwu8xeurc,273
tgrade1f3f2l5h4rtkq87y7vlaatfhuw80msy6p9hx4h3,180
tgrade12k6x360zenzummgfqkats6avq7x3az0sl98e7y,40
tgrade1c7tqfasq8smglwxzh8yaqs6zu43dh3vlw6r6c3,39
tgrade19hyjtyc8z06tf0pj67q63z955c57fq0d2jf4yr,35
tgrade18y66m60xn0wsp57ykagt3psg5fqzhv8madweg2,34
tgrade1m8sxn5fnn74ftw2npw5d2fu4gxlha64tg8clzy,10
tgrade16j09zk7sfwuckvnp4m0amdwjdelm5wgu26edxp,2
tgrade1lf475jdhwua8r5jg7wsah36vu3gwva45wrqfhw,1
tgrade1dpxsw03kvdndml7ft9t5sfqfcr8jw2w675jpa3,1
tgrade1jzqhjs4nv04arw2xxjrlphh3gf8sw47m3r7lf5,1
tgrade1dfc7wulrjk08dh9hzctzda5h4mnhxv8sp6qga3,1
tgrade17td9273jwayrt8y3er6lqlf8e4ganfxnjz5mz6,1
